{"loss": [0.28680965304374695, 0.2787218987941742, 0.2780001163482666, 0.2776840627193451, 0.2774149477481842, 0.2773410677909851, 0.277212530374527, 0.27723196148872375, 0.27707165479660034, 0.2771133482456207, 0.2770399749279022, 0.27678239345550537, 0.2823631167411804, 0.28234705328941345, 0.28224611282348633, 0.2821565270423889], "val_loss": [0.29812195897102356, 0.2959877848625183, 0.29563280940055847, 0.29552483558654785, 0.29476162791252136, 0.2946106791496277, 0.29465749859809875, 0.2944769263267517, 0.2942201495170593, 0.29486674070358276, 0.29450908303260803, 0.29429903626441956, 0.294315904378891, 0.2945781648159027, 0.29476338624954224, 0.2946789562702179], "learning_rate": [0.0010000000474974513, 0.0010000000474974513, 0.0010000000474974513, 0.0010000000474974513, 0.0010000000474974513, 0.0010000000474974513, 0.0010000000474974513, 0.0010000000474974513, 0.0010000000474974513, 0.0010000000474974513, 0.0010000000474974513, 0.00010000000474974513, 0.0010000000474974513, 0.0010000000474974513, 0.0010000000474974513, 0.00010000000474974513]}