{"loss": [0.285685271024704, 0.27927082777023315, 0.27850422263145447, 0.2781837284564972, 0.2780208885669708, 0.2779359221458435, 0.27758777141571045, 0.27757132053375244, 0.28289785981178284, 0.28272712230682373, 0.2826147973537445, 0.2826054096221924, 0.2823924124240875], "val_loss": [0.29740017652511597, 0.29736316204071045, 0.29691144824028015, 0.2973566949367523, 0.2977776825428009, 0.29741960763931274, 0.2975943386554718, 0.2978285849094391, 0.30138400197029114, 0.29897910356521606, 0.29904642701148987, 0.2982463538646698, 0.29895129799842834], "learning_rate": [0.0010000000474974513, 0.0010000000474974513, 0.0010000000474974513, 0.0010000000474974513, 0.0010000000474974513, 0.0010000000474974513, 0.00010000000474974513, 0.00010000000474974513, 0.0010000000474974513, 0.0010000000474974513, 0.0010000000474974513, 0.0010000000474974513, 0.0010000000474974513]}