{"loss": [0.2839808166027069, 0.2788914740085602, 0.2783069610595703, 0.2779979407787323, 0.2775287628173828, 0.27756065130233765, 0.2774616479873657, 0.2826038897037506, 0.28263965249061584, 0.28244295716285706, 0.28233078122138977, 0.2823886573314667], "val_loss": [0.2972179055213928, 0.29642847180366516, 0.29675713181495667, 0.2963343858718872, 0.29719021916389465, 0.29664793610572815, 0.2968846261501312, 0.2986826002597809, 0.2979932427406311, 0.2968733012676239, 0.29590678215026855, 0.296886146068573], "learning_rate": [0.0010000000474974513, 0.0010000000474974513, 0.0010000000474974513, 0.0010000000474974513, 0.00010000000474974513, 0.00010000000474974513, 1.0000000656873453e-05, 0.0010000000474974513, 0.0010000000474974513, 0.0010000000474974513, 0.0010000000474974513, 0.0010000000474974513]}