{"loss": [0.28234177827835083, 0.2788636088371277, 0.27851158380508423, 0.2780582010746002, 0.2832948863506317, 0.2828904986381531, 0.28286004066467285, 0.2828545570373535], "val_loss": [0.29751160740852356, 0.29848745465278625, 0.30066463351249695, 0.30103635787963867, 0.303036630153656, 0.3097108006477356, 0.30434665083885193, 0.3061659634113312], "learning_rate": [0.0010000000474974513, 0.0010000000474974513, 0.0010000000474974513, 0.00010000000474974513, 0.0010000000474974513, 0.0010000000474974513, 0.0010000000474974513, 0.00010000000474974513]}