{"loss": [0.05180572718381882, 0.0033966454211622477, 0.0016888008685782552, 0.0012492653913795948, 0.0008650720701552927, 0.0008103919681161642, 0.0009130708058364689, 0.0007003007340244949, 0.0007004613871686161, 0.0005875978386029601, 0.0004138090880587697, 0.000542745110578835, 0.0005356781184673309, 0.0007699313573539257, 0.0007601926336064935, 0.00039075544918887317], "val_loss": [0.3151087760925293, 0.3438085615634918, 0.25621217489242554, 0.3051101565361023, 0.24418757855892181, 0.18958568572998047, 0.2593545615673065, 0.15734775364398956, 0.19559676945209503, 0.2205365002155304, 0.20984916388988495, 0.23775404691696167, 0.17985878884792328, 0.20995302498340607, 0.20575974881649017, 0.19463911652565002], "learning_rate": [0.0010000000474974513, 0.0010000000474974513, 0.0010000000474974513, 0.0010000000474974513, 0.0010000000474974513, 0.0010000000474974513, 0.0010000000474974513, 0.0010000000474974513, 0.0010000000474974513, 0.0010000000474974513, 0.00010000000474974513, 0.0010000000474974513, 0.0010000000474974513, 0.0010000000474974513, 0.0010000000474974513, 0.00010000000474974513]}