{"loss": [0.09095906466245651, 0.023347191512584686, 0.017807014286518097, 0.015899676829576492, 0.01661260798573494, 0.015361635945737362, 0.01489955186843872, 0.014317120425403118, 0.013731362298130989, 0.013568197377026081, 0.013330047018826008, 0.023164281621575356, 0.020598528906702995, 0.018258847296237946, 0.017010344192385674, 0.01749105006456375], "val_loss": [0.13102476298809052, 0.12398592382669449, 0.11349259316921234, 0.11879263818264008, 0.11454471945762634, 0.11246645450592041, 0.1130358949303627, 0.10918744653463364, 0.10980004817247391, 0.1095690131187439, 0.10993005335330963, 0.12332911789417267, 0.11816173791885376, 0.11906613409519196, 0.11389075964689255, 0.10730163753032684], "learning_rate": [0.0010000000474974513, 0.0010000000474974513, 0.0010000000474974513, 0.0010000000474974513, 0.0010000000474974513, 0.00010000000474974513, 0.00010000000474974513, 0.00010000000474974513, 0.00010000000474974513, 0.00010000000474974513, 1.0000000656873453e-05, 0.0010000000474974513, 0.0010000000474974513, 0.0010000000474974513, 0.0010000000474974513, 0.0010000000474974513]}